id,name,lv,exp
390000000,绿蜗牛,1,3
390000001,蓝蜗牛,2,4
390000002,蒂诺,1,4
390000003,蒂卧,3,7
390000004,蒂姆,5,9
390000005,蒂鲁,7,16
390000006,蒂古鲁 ,9,19
390000007,蘑菇仔,2,5
390000008,木妖,4,8
390000009,红蜗牛,4,8
390000010,绿水灵,6,10
390000011,绿蘑菇,15,26
390000012,黑木妖,10,18
390000013,三眼章鱼,12,24
390000014,斧木妖,17,30
390000015,古木妖,19,33
390000016,猪猪,7,15
390000017,漂漂猪,10,20
390000018,花蘑菇,8,15
390000019,蓝水灵,15,26
390000020,母沙沙兔,20,32
390000021,公沙沙兔,21,34
390000022,小仙人掌,22,37
390000023,仙人掌,25,47
390000024,成年仙人掌,28,55
390000025,沙漠蛇,23,42
390000026,耳罩蜥蜴,24,45
390000027,圍巾蜥蜴,27,50
390000028,狐蒙,29,58
390000029,刺蘑菇,22,35
390000030,沙漠地鼠,24,55
390000031,沙漠毒蠍,29,58
390000032,黑斧木妖,10,38
390000033,青蛇,21,38
390000034,紅寶王,20,120
390000035,蓝蘑菇,20,32
390000036,火独眼兽,27,50
390000037,僵尸蘑菇,24,42
390000038,野猪,25,42
390000039,绿蜘蛛,23,42
390000040,红蜘蛛,28,55
390000041,小海马,23,42
390000042,大海马,25,42
390000043,独角小丑鱼,24,45
390000044,海胆,22,36
390000045,蓝泡泡翻车鱼,28,52
390000046,木面怪人,23,42
390000047,石面怪人,24,45
390000048,花花青鲇鱼,29,58
390000049,蝙蝠,20,33
390000050,石球,30,55
390000051,蝴蝶精,30,120
390000052,蝴蝶精,30,120
390000053,蝴蝶精,30,120
390000054,蝴蝶精,30,120
390000055,玩具棕熊,30,60
390000056,大龙虾,30,55
390000057,沙漠矮人,32,60
390000058,禿鷹,30,60
390000059,鳄鱼,32,60
390000060,玩具粉熊,32,65
390000061,玩具白鼠,32,65
390000062,方塊水靈,32,62
390000063,紅砂矮人,32,62
390000064,黑妖苗,35,75
390000065,黑妖苗三兄弟,38,85
390000066,火野猪,32,60
390000067,幼红独角狮,33,65
390000068,幼黄独角狮,33,65
390000069,幼蓝独角狮,33,65
390000070,玩具熊猫,36,77
390000071,玩具鸭,34,70
390000072,玩具黑鼠,34,70
390000073,直升机,36,77
390000074,计时啾啾,34,70
390000075,水老鼠,36,78
390000076,潜水企鹅,36,80
390000077,猴子,37,77
390000078,樹妖王,35,405
390000079,仙人長老,38,445
390000080,风独眼兽,35,70
390000081,小幽灵,35,70
390000082,红螃蟹,37,80
390000083,吹泡泡鱼皇,38,85
390000084,胖球鱼,32,65
390000085,星光精灵,35,72
390000086,幼魔精灵,35,150
390000087,幼魔精灵2,35,150
390000088,吹泡泡双鱼,35,72
390000089,玩具战机,37,82
390000090,运输机,38,85
390000091,木马骑兵,39,92
390000092,小恶魔,37,82
390000093,飞行雀,31,62
390000094,空军雀,39,85
390000095,打鼓兔子,30,60
390000096,小海豹,38,85
390000097,鋼之肥肥,42,99
390000098,鋼鐵穆太,42,102
390000099,強化鋼鐵穆太,45,110
390000100,鋰礦穆太,47,117
390000101,土龙,45,105
390000102,乌龟,46,110
390000103,黑食人花,47,115
390000104,战甲吹泡泡鱼,47,720
390000105,邪恶食人花,47,115
390000106,火蚌殼,45,330
390000107,火蚌殼,45,0
390000108,冰独眼兽,40,85
390000109,僵尸猴,40,90
390000110,大幽灵,48,120
390000111,铁甲猪,42,99
390000112,青螃蟹,48,128
390000113,食人花,42,99
390000114,月光精灵,45,105
390000115,独眼蝙蝠,41,95
390000116,小猎犬,43,102
390000117,黄积木怪,42,102
390000118,青积木怪,45,110
390000119,女机器人,41,99
390000120,男机器人,44,105
390000121,闹钟啾啾,40,95
390000122,恶魔之父,41,99
390000123,恶魔之母,46,115
390000124,白外星人卫兵,40,95
390000125,白外星人队长,42,102
390000126,白外星人长官,45,110
390000127,外星章鱼枪,41,99
390000128,外星章鱼坦克,44,105
390000129,外星章鱼激光棒,46,110
390000130,食人花,42,99
390000131,小海象,43,103
390000132,小海狮,42,102
390000133,骷髅犬,44,107
390000134,木乃伊犬,47,117
390000135,蓝刺豚,40,95
390000136,紫刺豚,40,97
390000137,月妙,45,110
390000138,钢甲猪,45,115
390000139,松松,40,95
390000140,豪猪,41,99
390000141,灰豪猪,43,103
390000142,青花蛇,45,110
390000143,红花蛇,45,110
390000144,坛子,47,117
390000145,山参坛子,48,123
390000146,砂巨人,40,95
390000147,白外星人司令,49,580
390000148,苔藓蜗牛,42,102
390000149,遠古木妖,46,112
390000150,冥界幽靈,56,180
390000151,喵怪仙人,59,220
390000152,小白雪人,50,135
390000153,变形小白雪人,50,0
390000154,火精灵,51,142
390000155,小虎,50,140
390000156,三尾狐,56,185
390000157,虎精,53,165
390000158,红变异螺母,50,135
390000159,洛伊德,54,168
390000160,氯化洛伊德,58,205
390000161,日光精灵,52,155
390000162,红独角狮,53,160
390000163,黄独角狮,53,160
390000164,蓝独角狮,53,160
390000165,外星章鱼闪电棒,54,980
390000166,棕熊,56,185
390000167,桔梗精,53,160
390000168,老山参精,54,168
390000169,训练用稻草娃娃,50,135
390000170,训练用木娃娃,51,142
390000171,天鹿,58,205
390000172,秘籍,55,175
390000173,青龙,50,135
390000174,石头人,55,170
390000175,黑石头人,58,200
390000176,黑鳄鱼,52,170
390000177,野狼,55,170
390000178,小黑雪人,56,180
390000179,变形小黑雪人,56,0
390000180,僵尸,57,190
390000181,矿山僵尸,57,190
390000182,白狼,58,220
390000183,混种石头人,59,210
390000184,骷髅士兵,57,190
390000185,小石球,23,40
390000186,冰石球,30,55
390000187,火石球,30,55
390000188,巨居蟹,55,1210
390000189,巨居蟹,55,0
390000190,殭屍猴王,50,410
390000191,咕咕鐘,59,650
390000192,Unknown,50,425
390000193,苔蘚菇菇,55,175
390000194,石蟲,51,142
390000195,猿人肥肥,57,200
390000196,小白雪鬼,32,60
390000197,小黑雪鬼,33,65
390000198,巫婆,55,175
390000199,小企鹅王,35,75
390000200,黑山老妖,65,255
390000201,雪山魔女,64,250
390000202,神秘竹武士,68,265
390000203,书生鬼,62,240
390000204,陆陆猫,63,245
390000205,燒杯怪,65,255
390000206,賽伊迪,68,265
390000207,赤龙,60,220
390000208,蘑菇王,60,1200
390000209,孤单企鹅王,60,420
390000210,企鹅王,60,220
390000211,魔精灵,35,400
390000212,黄小丑,61,230
390000213,小鬼怪,60,0
390000214,变身小鬼怪,60,330
390000215,柔道猫熊,60,225
390000216,鳄鳄,64,250
390000217,猿公,62,240
390000218,克鲁,68,265
390000219,妙仙,66,255
390000220,沼澤巨鱷,65,810
390000221,葛雷金剛,65,940
390000222,怪猫,62,240
390000223,石像鬼,63,190
390000224,黑企鹅王,64,250
390000225,孤单黑企鹅王,64,700
390000226,人参坛子,64,250
390000227,红小丑,66,260
390000228,恶灵附身的娃娃,63,245
390000229,幼黑格里芬,63,245
390000230,大恶灵附身的娃娃,67,265
390000231,冰龙,64,250
390000232,黑恐龙,68,265
390000233,骷髅士官,63,240
390000234,白雪人,65,255
390000235,变形白雪人,65,390
390000236,孤单白雪人,65,455
390000237,石像鬼将,67,210
390000238,帕兹,66,200
390000239,僵尸蘑菇王,65,1500
390000240,时之鬼兵,74,340
390000241,黑雪人,68,265
390000242,变形黑雪人,68,445
390000243,孤单黑雪人,68,715
390000244,石像鬼王,69,240
390000245,帕兹王,70,250
390000246,时之鬼将,77,385
390000247,自動警備系統,75,350
390000248,D．洛伊,75,350
390000249,哈門庫魯,73,320
390000250,黑色飞狮,73,320
390000251,猎犬,72,295
390000252,橡木甲虫,72,295
390000253,金属甲虫,76,370
390000254,变种侏儒怪,78,400
390000255,死灵,85,1300
390000256,刺鳍鱼,85,1400
390000257,月牙牛魔王,70,270
390000258,长枪牛魔王,75,350
390000259,企鹅王与白雪人,78,0
390000260,骷髅指挥官,73,315
390000261,凯丁,70,282
390000262,狼人,75,350
390000263,死灵王,89,1720
390000264,黄色鬼怪,70,400
390000265,蓝色鬼怪,70,400
390000266,绿色鬼怪,70,400
390000267,莱西,70,270
390000268,黑暗莱西,74,340
390000269,侏儒怪,72,295
390000270,邪恶侏儒怪,76,370
390000271,荆棘草,76,0
390000272,蓝帽海贼,83,1100
390000273,绿帽海贼,87,1500
390000274,肯德熊,71,1580
390000275,九尾妖狐,70,1300
390000276,喵怪仙人,77,2280
390000277,迪特和洛依,80,850
390000278,哈摩斯庫拉,80,850
390000279,蝙蝠怪,80,2000
390000280,Unknown,80,850
390000281,白狼人,80,850
390000282,哈维,80,850
390000283,血腥哈维,83,1100
390000284,企鹅王与黑雪人,82,0
390000285,暗黑半人马,88,1600
390000286,火焰半人马,88,1600
390000287,寒冰半人马,88,1600
390000288,邪恶绵羊,85,1420
390000289,恶魔绵羊,88,1620
390000290,大立钟,70,270
390000291,高级大立钟,76,370
390000292,火焰猎犬,90,1800
390000293,刺鳍鱼之屋,90,0
390000294,骨骸鱼,92,2000
390000295,蓝海龟龙,90,1780
390000296,红海龟龙,93,2100
390000297,犀牛龙,95,2280
390000298,犀牛龙怪,97,2500
390000299,大海贼,0,0
390000300,大海贼王,98,2600
390000301,乌贼怪,94,2200
390000302,时之鬼爵,95,2300
390000303,致命乌贼怪,97,2500
390000304,时之鬼王,99,2800
390000305,蝙蝠魔,100,3500
390000306,鲨鱼,100,3000
390000307,尖鼻鲨鱼,102,3100
390000308,邪恶短刃蜥蜴,100,3000
390000309,邪恶双刀蜥蜴,105,3700
390000310,红飞龙,97,2500
390000311,蓝飞龙,101,3050
390000312,黑飞龙,103,3150
390000313,时间门神,108,4300
390000314,黑甲凶灵,108,4100
390000315,火焰龙,0,0
390000316,天鹰,105,13500
390000317,小蜥蜴,105,3800
390000318,变种小蜥蜴,105,0
390000319,泥人妖,110,8050
390000320,骷髅龙,110,4500
390000321,老骷髅龙,113,4750
390000322,泥人妖,110,4450
390000323,时间之眼,80,850
390000324,追忆的祭司,91,1900
390000325,追忆的神官,94,2200
390000326,追忆的守护兵,98,2600
390000327,追忆的守护队长,101,3100
390000328,后悔的祭司,106,3350
390000329,后悔的神官,109,3600
390000330,后悔的守护兵,113,4500
390000331,后悔的守护队长,116,4960
390000332,忘却的祭司,121,5750
390000333,忘却的神官,124,6150
390000334,忘却的守护兵,128,6670
390000335,忘却的守护队长,131,7060
390000336,艾利傑,83,2800
390000337,雪毛怪人,90,5200
390000338,奇美拉,85,3000
390000339,寒霜冰龍,120,47355
390000340,多多,121,20850
390000341,玄冰独角兽,131,26850
390000342,雷卡,141,32865
390000343,蓝蘑菇 ,90,5500
390000344,未知的小吃店,85,0
390000345,小吃店,85,3180
390000346,时间球,100,0
390000347,帕普拉图斯的座钟,125,596000
390000348,帕普拉图斯,125,970000
390000349,小黑水雷,71,0
390000350,大黑水雷,80,0
390000351,皮亚奴斯,110,1300000
390000352,嗜血单眼怪,75,0
390000353,皮亚奴斯,110,900000
390000354,扎昆1,140,0
390000355,扎昆2,140,0
390000356,扎昆,140,7000000
390000357,扎昆手臂1,140,1344000
390000358,扎昆手臂2,140,1344000
390000359,扎昆手臂3,140,896000
390000360,扎昆手臂4,140,896000
390000361,扎昆手臂5,140,1120000
390000362,扎昆手臂6,140,1120000
390000363,扎昆手臂7,140,1030400
390000364,扎昆手臂8,140,1030400
390000365,暗黑龙王的左侧头颅,160,9732030
390000366,暗黑龙王的右侧头颅,160,9732030
390000367,暗黑龙王的头A,160,13902900
390000368,暗黑龙王的头B,160,20673700
390000369,暗黑龙王的头C,160,13902900
390000370,暗黑龙王的左手,160,9689900
390000371,暗黑龙王的右手,160,9689900
390000372,暗黑龙王的翅膀,160,11375100
390000373,暗黑龙王的腿,160,5476900
390000374,暗黑龙王的尾巴,160,3370400
390000375,死亡暗黑龙王的头A,140,0
390000376,死亡暗黑龙王的头B,140,0
390000377,死亡暗黑龙王的头C,140,0
390000378,死亡暗黑龙王的左手,140,0
390000379,死亡暗黑龙王的右手,140,0
390000380,死亡暗黑龙王的翅膀,140,0
390000381,死亡暗黑龙王的腿,140,0
390000382,死亡暗黑龙王的尾巴,140,0
390000383,暗黑龙王的灵魂,1,0
390000384,红飞龙,97,800
390000385,蓝飞龙,101,1000
390000386,黑飞龙,103,1050
390000387,邪恶短刃蜥蜴,100,1000
390000388,邪恶双刀蜥蜴,105,1200
390000389,召唤暗黑龙王的左侧头颅,1,0
390000390,召唤暗黑龙王的右侧头颅,1,0
390000391,召唤暗黑龙王,1,0
390000392,时间的宠儿－品克缤,180,0
390000393,时间的宠儿－品克缤,180,50000000
390000394,女神雕像,180,20000000
390000395,贤者所罗门,180,3000000
390000396,贤者莱克斯,180,3000000
390000397,火鹰雕像,180,3500000
390000398,冰鹰雕像,180,3500000
390000399,比恩宝宝,150,11000
390000400,宝宝BOSS召唤用透明怪物,1,0
390000401,set0透明怪物,1,0
390000402,时间的宠儿－品克缤,1,0
390000403,时间的宠儿－品克缤,1,0
390000404,时间的宠儿－品克缤,1,0
390000405,时间的宠儿－品克缤,0,0
390000406,时间的宠儿－品克缤,1,0
390000407,贤者所罗门,180,3000000
390000408,贤者莱克斯,180,3000000
390000409,火鹰雕像,180,3500000
390000410,冰鹰雕像,180,3500000
390000411,女神雕像,1,0
390000412,贤者所罗门,1,0
390000413,贤者莱克斯,1,0
390000414,火鹰雕像,1,0
390000415,冰鹰雕像,1,0
390000416,贤者所罗门,1,0
390000417,贤者莱克斯,1,0
390000418,火鹰雕像,1,0
390000419,冰鹰雕像,1,0
390000420,风独眼兽2,35,0
390000421,刺蘑菇2,35,0
390000422,火野猪2,35,0
390000423,猴子2,35,0
390000424,火独眼兽2,35,0
390000425,僵尸蘑菇2,35,0
390000426,冰独眼兽2,35,0
390000427,蓝蘑菇2,35,0
390000428,武术教练的分身,80,2400
390000429,汉斯的分身,80,2400
390000430,赫丽娜的分身,80,2400
390000431,达克鲁的分身,80,2400
390000432,卡伊琳的分身,80,2400
390000433,海盜章魚,35,0
390000434,海盜章魚,35,0
390000435,训练用稻草人,35,0
390000436,卡伊琳分身的分身,80,0
390000437,变换的巫术师,80,0
390000438,黑巫婆,140,0
390000439,蒂古鲁的考验,35,0
390000440,超级水灵,200,0
390000441,超级青蛇,200,0
390000442,超级蝙蝠,200,0
390000443,超级青蛇1,200,0
390000444,超级青蛇2,200,0
390000445,超级绿蜘蛛,200,0
390000446,超级红蜘蛛,200,0
390000447,超级漂漂猪,200,0
390000448,超级可乐蜗牛1,200,0
390000449,超级可乐蜗牛2,200,0
390000450,超级黑绵羊,200,0
390000451,亞廷的分身,30,100
390000452,野猪(PC),25,42
390000453,火野猪(PC),32,60
390000454,黑木妖(PC),10,18
390000455,刺蘑菇(PC),22,35
390000456,绿蘑菇(PC),15,26
390000457,绿水灵(PC),6,10
390000458,猴子(PC),37,77
390000459,僵尸猴(PC),40,90
390000460,蓝蘑菇(PC),20,32
390000461,石头人(PC),55,170
390000462,僵尸蘑菇(PC),24,42
390000463,火独眼兽(PC),27,50
390000464,青龙(PC),50,135
390000465,冰独眼兽(PC),40,85
390000466,怪猫(PC),62,240
390000467,玩具棕熊,30,60
390000468,打鼓兔子,30,60
390000469,玩具粉熊,32,65
390000470,小白雪人,50,135
390000471,白狼,58,220
390000472,企鹅王与白雪人,78,0
390000473,白雪人,65,455
390000474,企鹅王,60,420
390000475,青蛇(PQ),21,240
390000476,鳄鱼(PQ),32,120
390000477,风独眼兽(PQ),35,280
390000478,绿水灵王,40,800
390000479,双刀箱子怪,54,165
390000480,玩具白鼠,32,260
390000481,玩具黑鼠,34,280
390000482,吹泡泡双鱼,35,288
390000483,黑眼怪,43,340
390000484,黄积木怪,40,408
390000485,战甲吹泡泡鱼,47,850
390000486,木马骑士,39,92
390000487,阿丽莎乐,0,0
390000488,青积木怪王,200,1
390000489,黑眼鬼,0,0
390000490,小恶魔,37,82
390000491,恶魔之父,41,99
390000492,恶魔之母,46,115
390000493,特殊小石球,1,1
390000494,勇猛石巨人队长,65,1120
390000495,勇猛石巨人,63,520
390000496,黑暗勇猛石巨人,200,0
390000497,暗夜幽灵,66,1060
390000498,雾幽灵,66,1060
390000499,E1-A,67,1100
390000500,E3-A,68,1150
390000501,石像鬼,62,430
390000502,恶魔水灵,23,170
390000503,艾里葛斯,115,150000
390000504,石像1,99,0
390000505,石像2,99,0
390000506,石像3,100,0
390000507,石像4,100,0
390000508,石像鬼,62,430
390000509,雾幽灵,66,0
390000510,石像鬼,62,0
390000511,暗夜幽灵,66,100
390000512,雾幽灵,66,100
390000513,骷髅精灵,59,420
390000514,远古精灵,49,17000
390000515,女神塔的红独角狮,54,170
390000516,女神塔的红独角狮,57,370
390000517,女神塔的蓝独角狮,5,370
390000518,女神塔的黄独角狮,57,370
390000519,女神塔的黑格里芬,65,0
390000520,女神塔的月光精灵,1,325
390000521,女神塔的星光精灵,53,320
390000522,女神塔的日光精灵,2,355
390000523,女神塔的食人花,59,430
390000524,女神塔的邪恶食人花,59,430
390000525,幼魔精灵,60,515
390000526,女神塔的幼红独角狮,51,305
390000527,女神塔的幼黄独角狮,51,305
390000528,女神塔的幼蓝独角狮,51,305
390000529,女神塔的月光精灵(召唤王用),1,335
390000530,女神塔的星光精灵(召唤王用),53,320
390000531,女神塔的日光精灵(召唤王用),2,355
390000532,女神塔的红独角狮,54,170
390000533,猪,7,15
390000534,漂漂猪,10,20
390000535,铁甲猪,42,296
390000536,月妙,30,0
390000537,独眼蝙蝠,8,10
390000538,蝙蝠,6,22
390000539,鬼火,11,22
390000540,洞穴邪恶短刃蜥蜴1,100,1000
390000541,洞穴邪恶短刃蜥蜴2,100,1000
390000542,洞穴邪恶双刀蜥蜴1,105,1200
390000543,洞穴邪恶双刀蜥蜴2,105,1200
390000544,洞穴红飞龙1,97,800
390000545,洞穴红飞龙2,97,800
390000546,洞穴蓝飞龙1,101,1000
390000547,洞穴蓝飞龙2,101,1000
390000548,洞穴黑飞龙1,103,1050
390000549,洞穴黑飞龙2,103,1050
390000550,洞穴骷髅龙1,110,1500
390000551,洞穴骷髅龙2,110,1500
390000552,洞穴T骷髅龙,113,1500
390000553,洞穴小蜥蜴,105,1250
390000554,洞穴泥人妖,110,1500
390000555,克鲁,68,265
390000556,飞眼,8,10
390000557,斯涕吉,6,22
390000558,鬼火,11,22
390000559,死亡的恐惧,43,340
390000560,异界的蝙蝠怪,80,2000
390000561,黑甲凶灵,108,4100
390000562,长枪牛魔王,75,350
390000563,达克鲁的徒弟,80,2400
390000564,火凤凰,120,13500
390000565,冰凤凰,120,13500
390000566,黑暗怪莫斯顿,200,0
390000567,遗忘的圣殿里蝙蝠怪,80,2000
390000568,冒牌泰勒斯,30,0
390000569,绑架犯蝙蝠魔,100,3500
390000570,绑架犯白狼人,80,850
390000571,暗黑半人马,88,1600
390000572,次元空间的刺鳍鱼,85,1400
390000573,次元空间的鱼怪,92,2000
390000574,次元空间的鲨鱼,100,3000
390000575,塔纳托斯,108,4100
390000576,可以驯服的小浣猪,70,0
390000577,护卫用小浣猪,70,0
390000578,白外星人卫兵,70,0
390000579,白外星人队长,70,0
390000580,生气的老海盗,1,8800
390000581,愤怒的老海盗,1,12000
390000582,偷看的老海盗,70,4000
390000583,老海盗的药坛子,56,92
390000584,老海盗的山参坛子,57,95
390000585,老海盗的桔梗精,58,98
390000586,老海盗的老桔梗精,59,100
390000587,老海盗的百年桔梗精,59,100
390000588,老海盗的百年老桔梗精,60,104
390000589,老海盗可怕的鳄鱼宠物,58,68
390000590,老海盗可怕的手下克鲁,59,70
390000591,老海盗可怕的手下凯丁,60,72
390000592,老海盗的心腹克鲁,62,313
390000593,老海盗的心腹手下凯丁,64,378
390000594,老海盗,1,7200
390000595,老海盗可恶的鳄鱼宠物,59,180
390000596,老海盗可恶的手下克鲁,60,187
390000597,老海盗可恶的手下凯丁,62,198
390000598,老海盗的鳄鱼宠物,59,150
390000599,老海盗的克鲁,60,156
390000600,老海盗的凯丁,62,165
390000601,海賊王的兇暴蔘罈妖,59,105
390000602,玩具棕熊,30,110
390000603,吹泡泡双鱼,30,113
390000604,水老鼠,30,115
390000605,小恶魔,30,113
390000606,木马骑兵,39,115
390000607,闹钟啾啾,30,117
390000608,女机器人,30,120
390000609,青积木怪,30,135
390000610,恶魔之母,30,153
390000611,战甲吹泡泡鱼,30,450
390000612,朱丽叶,70,0
390000613,罗密欧,70,0
390000614,法兰肯,0,0
390000615,生气的法兰肯,84,25000
390000616,遗弃研究室的哈闷,65,255
390000617,隐藏研究室的哈闷气球,73,320
390000618,强化的螺母,73,300
390000619,蓝变异螺母,47,300
390000620,哈闷,74,330
390000621,赛一特,76,360
390000622,哈闷气球,77,320
390000623,氯化洛伊德,79,330
390000624,洛伊德,78,295
390000625,氯化洛伊德,80,390
390000626,法兰肯,81,12000
390000627,生气的法兰肯,84,25000
390000628,妨碍物螺母,62,0
390000629,试验用尼奥修罗伊德,58,205
390000630,猪猪,7,0
390000631,黑魔法师的小辈,10,15
390000632,沙漠毒蝎,25,30
390000633,凯琳,120,0
390000634,凯琳,120,0
390000635,青花蛇,45,0
390000636,红花蛇,45,0
390000637,德里,55,0
390000638,妙仙,120,0
390000639,秘籍,120,0
390000640,猿公,120,0
390000641,炸弹,35,0
390000642,次元的玩具白鼠,32,260
390000643,次元的玩具黑鼠,34,280
390000644,次元的吹泡泡双鱼,35,288
390000645,毒苔青木妖,62,240
390000646,毒石毛虫,65,255
390000647,精神被毒害 ,65,255
390000648,毒妖花,55,0
390000649,毒巨人,65,0
390000650,毒巨人(2),75,0
390000651,毒巨人(3),85,44950
390000652,森林矮人,65,0
390000653,毒妖树,30,0
390000654,重毒石毛虫,65,255
390000655,剧毒苔青木妖,62,240
390000656,剧毒石毛虫,65,255
390000657,剧毒森林矮人,65,255
390000658,毒妖花2,55,0
390000659,毒妖花3,55,0
390000660,深林的毒森林矮人,65,0
390000661,深林的毒森林矮人,65,0
390000662,深林的毒森林矮人,65,0
390000663,深林的毒森林矮人,65,0
390000664,深林的毒森林矮人,65,0
390000665,深林的毒森林矮人,65,0
390000666,毒妖花4,55,0
390000667,毒妖花5,55,0
390000668,查看头目消除的透明怪物,1,0
390000669,殭尸蘑菇王,65,1500
390000670,朱诺,65,940
390000671,老海盗,60,7200
390000672,九尾狐,70,1300
390000673,肯德熊,71,1580
390000674,石头人,85,17980
390000675,妖怪禅师,77,2280
390000676,蝙蝠魔,80,2000
390000677,艾利杰,83,2800
390000678,法兰肯,81,12000
390000679,吉米拉,85,3000
390000680,黑轮王,85,4230
390000681,驮狼雪人,90,5200
390000682,蓝蘑菇王,90,10000
390000683,蝙蝠魔,100,3500
390000684,火焰龙,105,13500
390000685,天鹰,105,13500
390000686,大海兽 ,120,47355
390000687,帕普拉图斯,125,596000
390000688,武公,150,91220
390000689,透明怪物,1,0
390000690,蓝蜗牛,2,4
390000691,红蜗牛,4,8
390000692,木妖,4,8
390000693,斧木妖,17,30
390000694,仙人掌妈妈,25,47
390000695,仙人掌爸爸,28,55
390000696,绿水灵,6,10
390000697,黑绵羊,37,79
390000698,猴子,37,77
390000699,僵尸猴,40,90
390000700,红螃蟹,37,80
390000701,青螃蟹,48,128
390000702,花蘑菇,8,15
390000703,恶魔之父,41,99
390000704,恶魔之母,46,115
390000705,计时啾啾,34,70
390000706,闹钟啾啾,40,95
390000707,鳄鱼,32,60
390000708,黑鳄鱼,52,170
390000709,日光精灵,56,355
390000710,骷髅精灵,59,420
390000711,僵尸蘑菇,24,42
390000712,白外星人,42,102
390000713,白外星人长官,45,110
390000714,克鲁,68,265
390000715,凯丁,70,282
390000716,三尾狐,56,185
390000717,棕熊,56,185
390000718,柔道猫熊,60,225
390000719,苔藓木妖,62,240
390000720,石头虫,65,255
390000721,妙仙,66,255
390000722,月牙牛魔王,70,270
390000723,长枪牛魔王,75,350
390000724,黑色飞狮,73,320
390000725,强化版螺母,45,110
390000726,红变异螺母,50,135
390000727,变异黑妖苗苗,73,300
390000728,强化版洛伊德,47,300
390000729,变态百宝箱(前),60,0
390000730,变态百宝箱(后),60,280
390000731,白雪人,65,255
390000732,蓝蘑菇,20,32
390000733,蝙蝠怪,80,2000
390000734,暗黑半人马,88,1600
390000735,火焰半人马,88,1600
390000736,寒冰半人马,88,1600
390000737,黑飞龙,103,3150
390000738,蓝飞龙,101,3050
390000739,大黑水雷,71,0
390000740,小黑水雷,80,0
390000741,肯德熊,71,1580
390000742,萧公,20,35
390000743,小熊,80,10
390000744,能培训出来的粘液,6,10
390000745,能培训出来的橙色蘑菇,8,15
390000746,能培训出来的猪 ,7,15
390000747,愤世嫉俗的橙色蘑菇 ,8,15
390000748,迷宫的黄色蜗牛 ,10,1
390000749,迷宫的绿色蜗牛 ,10,1
390000750,迷宫的蓝色蜗牛 ,10,1
390000751,迷宫的红色蜗牛 ,10,1
390000752,迷宫的紫色蜗牛 ,10,1
390000753,迷宫的变换黄色蜗牛 ,10,1
390000754,迷宫的变换绿色蜗牛 ,10,1
390000755,迷宫的蓝色变换蜗牛 ,10,1
390000756,迷宫的变换黄色蜗牛 ,10,1
390000757,迷宫的变换黄色蜗牛 ,10,1
390000758,操纵木偶的人,30,0
390000759,危险蓝色蘑菇 ,20,32
390000760,雪人之能力,90,5200
390000761,赤红巴洛之能力 ,90,5200
390000762,阻击之能力 ,90,5200
390000763,Lillinof 之能力 ,90,5200
390000764,能干的玛农 ,100,3500
390000765,能干的格瑞芬多,100,3500
390000766,能干的乐比亚谭 ,100,3500
390000767,能干的皮亚努思,100,3500
390000768,迷宫的危险树 ,100,1
390000769,迷宫的阴凉之处 ,100,1
390000770,迷宫的Mutae ,10,1
390000771,迷宫里带着红色丝带的猪 ,10,1
390000772,迷宫里带着绿色丝带的猪 ,10,1
390000773,迷宫里带着蓝色丝带的猪 ,10,1
390000774,迷宫里带着紫色丝带的猪 ,10,1
390000775,迷宫的猪 ,10,1
390000776,天空蘑菇的第一个迷宫,10,1
390000777,天空蘑菇的第二个迷宫,10,1
390000778,天空蘑菇的第三个迷宫,10,1
390000779,天空蘑菇的第四个迷宫,10,1
390000780,天空蘑菇的第五个迷宫 ,10,1
390000781,天空蘑菇的第六个迷宫 ,10,1
390000782,迷宫的疹 ,10,1
390000783,迷宫的沙兔子 ,10,1
390000784,Unknown,200,35
390000785,Unknown,10,1
390000786,Unknown,200,1
390000787,Unknown,200,1
390000788,Unknown,51,1
390000789,Unknown,53,2
390000790,Unknown,55,3
390000791,Unknown,57,4
390000792,Unknown,59,5
390000793,Unknown,61,6
390000794,Unknown,63,7
390000795,Unknown,65,8
390000796,Unknown,67,9
390000797,Unknown,69,100
390000798,Unknown,200,1
390000799,ファイアブル,90,1800
390000800,マジェスティックバイキング,98,2600
390000801,バイキング,93,2100
390000802,ブレイブパイレーツ,87,1500
390000803,パイレーツ,83,1100
390000804,烏鴉,25,42
390000805,貍貓,30,55
390000806,雲狐,30,55
390000807,遊魂,60,220
390000808,雪狐,45,110
390000809,紅魔精靈,15,30
390000810,藍魔精靈,30,60
390000811,綠魔精靈,45,120
390000812,黑魔精靈,65,325
390000813,烏鴉,200,0
390000814,貍貓,200,0
390000815,燈籠鬼,40,93
390000816,河童,60,220
390000817,雪女,100,3200
390000818,天狗,115,1780000
390000819,不良少年,45,130
390000820,街頭混混,47,139
390000821,流氓,50,148
390000822,古惑女,72,465
390000823,暴走族組長,62,310
390000824,头目B,64,320
390000825,保镖A,152,13800000
390000826,保镖B,155,10500000
390000827,乐乐机,50,1500
390000828,老板,95,5500
390000829,女老板,130,3900000
390000830,男老板,95,5500
390000831,巫婆,55,1
390000832,怪猫,62,1
390000833,金水灵,1,1
390000834,银水灵,40,20000
390000835,红水灵,55,240
390000836,蓝蘑菇王,90,10000
390000837,楓之谷果實,1,0
390000838,火紅楓之谷果實,1,0
390000839,大楓之谷果實,1,0
390000840,Minor Zombie(JP),57,190
390000841,Coolie Zombie(JP),57,190
390000842,Dark Stone Golem(JP),58,200
390000843,Stone Golem(JP),55,170
390000844,Dark Jr. Yeti(JP),56,180
390000845,Master Chronos(JP),46,115
390000846,Ultra Gray(JP),45,110
390000847,Zeta Gray(JP),42,102
390000848,Flyeye(JP),41,95
390000849,Tauromacis(JP),73,270
390000850,メイプルの実3,1,0
390000851,メイプルピーチ,1,0
390000852,化け物スイカ,1,0
390000853,ダンボールに入ったスイカ,1,0
390000854,大きい焼き栗,1,0
390000855,小さい焼き栗,1,0
390000856,G?ジャック?オ?ランタン,40,200
390000857,ジャック?オ?ランタン,40,100
390000858,スケルトンドック,44,107
390000859,レイス,48,120
390000860,スケルトン兵士,57,190
390000861,ソウルベア,63,245
390000862,リーチ,70,270
390000863,G?ジャック?オ?ランタン,40,200
390000864,ジャック?オ?ランタン,40,100
390000865,G?ジャック?オ?ランタン,152,13800000
390000866,マッスルデイビーゾーン,73,800000
390000867,マジギレデイビーゾーン,73,400000
390000868,カイリン,120,10500000
390000869,打鼓兔子,30,60
390000870,沙漠土拨鼠,24,55
390000871,洛伊德,54,168
390000872,猪猪,7,15
390000873,漂漂猪,10,20
390000874,石头人,55,170
390000875,混种石头人,59,210
390000876,僵尸蘑菇,24,42
390000877,刺蘑菇,22,35
390000878,打鼓兔子,30,60
390000879,沙漠土拨鼠,24,55
390000880,洛伊德,54,168
390000881,弟子からの贈り物,1,0
390000882,弟子からの贈り物,1,0
390000883,弟子からの贈り物,1,0
390000884,アフターロード,135,10200
390000885,オーバーロード,137,6560
390000886,プロトタイプロード,115,10300
390000887,マーヴェリック Typeα,141,10300
390000888,マーヴェリック Typeγ,143,10400
390000889,マーヴェリック Typeβ,143,10500
390000890,マーヴェリックTypeν,143,9400
390000891,イルヴァータ,143,11000
390000892,ディーダ,140,0
390000893,オーバーロード,137,6560
390000894,ベルガモット,168,3100000
390000895,ベルガモット,168,4200000
390000896,ベルガモット,168,5300000
390000897,名もなき魔獣,174,10300000
390000898,名もなき魔獣,131,26850
390000899,名もなき魔獣,131,26850
390000900,名もなき魔獣,131,26850
390000901,デュナス,174,1110000
390000902,ニーベルング,168,3100000
390000903,ニーベルング,168,4200000
390000904,ニーベルング,168,5300000
390000905,???,143,8320
390000906,珠蟲姫,100,3200
390000907,オーバーロード,137,0
390000908,旗艦ファイア?オールドフォックス支援AI,100,0
390000909,マーヴェリック Typeβ,143,0
390000910,クリスタル,100,0
390000911,ニーベルング地域攻撃用透明モンスター,200,0
390000912,いちご,1,0
390000913,さくらんぼ（1房）,1,0
390000914,さくらんぼ（2房）,1,0
390000915,いちご,1,0
390000916,さくらんぼ,1,0
390000917,さくらんぼ,1,0
390000918,大头头,175,17500000
390000919,柯雅(低),8,0
390000920,洛雅(低),9,0
390000921,丝雅(低),11,0
390000922,柯雅(中),27,0
390000923,洛雅(中),28,0
390000924,丝雅(中),32,0
390000925,柯雅(高),58,0
390000926,洛雅(高),60,0
390000927,丝雅(高),62,0
390000928,克洛斯(低),20,300
390000929,克洛斯(中),45,1000
390000930,克洛斯(高),70,1500
390000931,大雪人(第1阶段) - 低,23,0
390000932,大雪人(第2阶段) - 低,23,0
390000933,大雪人(第3阶段) - 低,23,0
390000934,大雪人(第4阶段) - 低,23,0
390000935,大雪人(第5阶段) - 低,23,0
390000936,大雪人(第1阶段) - 中,50,0
390000937,大雪人(第2阶段) - 中,50,0
390000938,大雪人(第3阶段) - 中,50,0
390000939,大雪人(第4阶段) - 中,50,0
390000940,大雪人(第5阶段) - 中,50,0
390000941,大雪人(第1阶段) - 高,80,0
390000942,大雪人(第2阶段) - 高,80,0
390000943,大雪人(第3阶段) - 高,80,0
390000944,大雪人(第4阶段) - 高,80,0
390000945,大雪人(第5阶段) - 高,80,0
390000946,パパシュ,20,150
390000947,グリペン,35,490
390000948,ビックアイズフィッシュ,38,620
390000949,スカイエレファント,45,1000
390000950,パープルエレファント,50,1200
390000951,大王ムカデ,55,1300
390000952,ウッドスペクター,59,2500
390000953,クレーンゲーム機,65,0
390000954,クレーンゲーム(完全体),65,3200
390000955,屋台,72,0
390000956,屋台(豪華版),72,3400
390000957,ミュージックシャドー,80,4100
390000958,ファイアスピード,85,4300
390000959,ライオンマスク,90,4500
390000960,白銀巨人,95,4800
390000961,黄金巨人,100,5000
390000962,武林妖僧,110,5500
390000963,大蛇,115,5700
390000964,ミニホワイトベア,59,210
390000965,ミニホワイトベア,140,0
390000966,ホワイトベア,100,1700
390000967,ホワイトベア,115,3000
390000968,ホワイトベア,120,4000
390000969,ミニホワイトベア,59,0
390000970,ドライウッドスペクター,125,6000
390000971,ミニモンキー,100,0
390000972,ジャイアントモンキー,130,7000
390000973,ミニモンキー,100,0
390000974,アシュラ,138,8000
390000975,アシュラジュニア,128,0
390000976,シティジャングルゴーレム,145,10000
390000977,ホワイトバルログ,150,12000
390000978,ガイフォックス,158,15000
390000979,パンプキンナイト,164,18000
390000980,クルージュニア,100,0
390000981,クルースタッフ,120,0
390000982,ラタニカ船長,170,25000
390000983,下忍,25,75
390000984,中忍,50,190
390000985,上忍,80,1150
390000986,忍者头目,100,4050
390000987,枪武士,30,100
390000988,铠甲武士,120,3680000
390000989,女忍,60,290
390000990,蟾蜍,130,6200
390000991,天皇,180,22550000
390000992,天皇蟾蜍,180,25300000
390000993,Unknown,200,0
390000994,马拉迪,1,0
390000995,小幽灵 ,5,0
390000996,幽灵 ,5,0
390000997,蝙蝠,5,0
390000998,苦力僵尸,1,0
390000999,火鸡,6,11
390001000,蜡烛怪物,10,0
390001001,蛋糕怪物,30,0
390001002,Mad Turkey,27,55
390001003,幼樱独角狮,33,65
390001004,绿波普,20,45
390001005,黄波普,11,22
390001006,蛋糕怪 (2),30,65
390001007,结婚蜡烛,10,20
390001008,盖斯特巴洛 化身3,95,5600
390001009,靛蓝独眼兽,38,85
390001010,水晶野猪,40,90
390001011,蝴蝶精灵 A,40,135
390001012,蝴蝶精灵 B,30,120
390001013,G 水灵,35,0
390001014,P 水灵,35,0
390001015,O 水灵,38,0
390001016,B 水灵,38,0
390001017,火独眼兽 GL,27,0
390001018,风独眼兽 GL,35,0
390001019,冰独眼兽 GL,40,0
390001020,蝴蝶精 GL,30,0
390001021,火野猪 GL,32,0
390001022,石球 GL,30,0
390001023,冰石球 GL,30,0
390001024,僵尸猴 GL,40,0
390001025,木马士兵 GL,39,0
390001026,水灵王 GL,40,800
390001027,靛蓝独眼兽 PQ,38,0
390001028,水晶野猪 PQ,40,0
390001029,蝴蝶精灵 A PQ,40,0
390001030,盖斯特巴洛 化身1,80,1000
390001031,盖斯特巴洛 化身1,100,1100
390001032,街头水灵,19,35
390001033,城市真菌,21,37
390001034,基拉蜂,25,60
390001035,基拉蜂,25,60
390001036,火之象,36,85
390001037,电击象,41,95
390001038,狮鹫,50,220
390001039,狼蛛,80,1200
390001040,I.AM.ROBOT,44,120
390001041,炸弹小子,27,55
390001042,强大的枫叶食,30,65
390001043,无头骑士,101,300000
390001044,炸弹小子,27,55
390001045,鲍勃,2,7
390001046,动物园的蜗牛,2,7
390001047,紫色魔法书,200,0
390001048,橘色魔法书,200,0
390001049,蓝色魔法书,200,0
390001050,贪吃鬼,21,37
390001051,恶小丑杰克的盒子,30,1
390001052,恶小丑杰克,30,73
390001053,苏菲莉亚的娃娃,50,55
390001054,傀儡娃娃,50,115
390001055,巫毒娃娃,60,335
390001056,邪术娃娃,60,335
390001057,地狱木马,40,120
390001058,镜子鬼,100,1
390001059,貪吃鬼,21,36
390001060,邪恶箱子（爆炸）,1,0
390001061,邪恶箱子（礼物）,1,0
390001062,土耳其突击队,20,41
390001063,大吹牛老爹,60,5200
390001064,纪念蛋糕,15,30
390001065,无头骑士,50,160
390001066,精神炎魔,60,230
390001067,小龙卷风,40,10
390001068,龙卷风,100,3200
390001069,Bigfoot,110,2660000
390001070,Windraider,70,800
390001071,Firebrand,90,910
390001072,Firebrand,90,2350
390001073,Nightshadow,100,3600
390001074,Elderwraith,95,2480
390001075,Stormbreaker,80,1650
390001076,深红卫,120,6100
390001077,Leprechaun,45,135
390001078,Leprechaun,45,0
390001079,深红树,75,122
390001080,深红树,75,122
390001081,幻影树,50,122
390001082,幻影树,50,122
390001083,Unknown,10,3000
390001084,喝醉的緞帶肥肥,8,20
390001085,喝醉的藍菇菇,16,32
390001086,喝醉的火獨眼獸,22,50
390001087,吃牛的人,200,0
390001088,蓋福克斯,10,500
390001089,小蓋福克斯,8,10
390001090,Unknown,30,0
390001091,雪人（小）,20,182
390001092,雪人（中）,50,543
390001093,雪人（大）,60,350000
390001094,透明怪物（显示怪物血条用）,1,0
390001095,小雪人（召唤物）,10,16
390001096,小雪人,10,20
390001097,小雪人,1,20
390001098,小雪人,1,20
390001099,小雪人,1,20
390001100,小雪人,1,20
390001101,小雪人,1,20
390001102,小雪人,1,20
390001103,小雪人,1,20
390001104,小雪人,1,20
390001105,小雪人,1,20
390001106,小雪人,1,20
390001107,小雪人,1,20
390001108,巨大蕃茄,12,300
390001109,蝸牛,12,30
390001110,蝸牛,12,300
390001111,喝醉的水靈,5,8
390001112,喝醉的猴子,30,45
390001113,蓋福克斯的手下,8,50
390001114,蓋福克斯的手下,8,50
390001115,骷髏守衛狗,10,50
390001116,木乃伊守衛狗,10,60
390001117,狂怒的守衛狗,10,70
390001118,深紅巴洛古的手下,10,2500
390001119,小巴洛古的手下,10,1000
390001120,肌肉之石的手下,10,300
390001121,班的手下,10,250
390001122,蓋福克斯,10,1000
390001123,小白雪鬼,1,1
390001124,打鼓兔子,1,1
390001125,T．青デンデン,1,8
390001126,T．赤デンデン,2,15
390001127,T．スライム,3,25
390001128,T．スタンプ,4,40
390001129,T．メイプルキノコ,5,42
390001130,T．緑キノコ,6,26
390001131,T．ツノキノコ,8,50
390001132,流浪狗,23,40
390001133,时髦的流浪狗,25,43
390001134,凶犬,42,102
390001135,小丑猴子 ,40,95
390001136,骑自行车的猴子,47,117
390001137,红色泡泡茶,38,88
390001138,黄色泡泡茶,38,88
390001139,绿色泡泡茶,38,88
390001140,雪人飞碟俘获器,50,135
390001141,雪人玩偶,36,81
390001142,小Pepe飞碟俘获器,50,135
390001143,小Pepe玩偶,36,81
390001144,飞碟俘获器,60,0
390001145,玩偶自动售货机,60,280
390001146,小吃店,85,0
390001147,小吃店,85,4230
390001148,泡泡魚,1,10
390001149,獨角尼莫,1,10
390001150,河豚,1,10
390001151,黃金海馬,1,10
390001152,粉紅小海豹,1,10
390001153,聖誕綠水靈,38,800
390001154,冷豔香水(變身前),67,30
390001155,冷豔香水(變身後),67,500
390001156,百花香水(變身前),69,40
390001157,百花香水(變身後),69,500
390001158,甜心香水(變身前),65,25
390001159,甜心香水(變身後),65,400
390001160,魔法音響,70,600
390001161,魔幻電音,74,750
390001162,搞怪CD,72,700
390001163,異型雙碟,76,800
390001164,鬼兔妮,75,770
390001165,人偶羅絲,77,800
390001166,人偶傑克,80,850
390001167,瘋狂喵z客,100,180000
390001168,藍色雪吉拉,65,255
390001169,粉紅雪吉拉,65,255
390001170,黃色雪吉拉,65,255
390001171,惡魔水靈,23,80
390001172,樹妖佬佬,70,4000
390001173,aaaa,100,13500
390001174,aaaa,100,150000
390001175,z客,100,180000
390001176,aaaa,15,25
390001177,年獸,83,2800
390001178,蛇精,73,8000
390001179,蜘蛛精,74,9500
390001180,蜥蜴怪,72,7200
390001181,蜈蚣精,74,7600
390001182,蟾蜍怪,75,10000
390001183,黑鲨鱼,70,0
390001184,饼干怪物1,35,35
390001185,饼干怪物2,35,35
390001186,蜡烛怪物1,10,20
390001187,蜡烛怪物2,40,40
390001188,蜡烛怪物3,70,60
390001189,Unknown,20,182
390001190,Unknown,30,263
390001191,Unknown,45,543
390001192,Unknown,50,1267
390001193,Unknown,50,1590
390001194,Unknown,80,17200
390001195,Unknown,80,17200
390001196,Unknown,60,2430
390001197,Unknown,60,2260
390001198,Unknown,80,850
390001199,Unknown,80,850
390001200,癞蛤蟆,28,58
390001201,青蛙,8,17
390001202,蟒蛇,60,230
390001203,红蜥蜴,40,95
390001204,黄蜥蜴,25,46
390001205,白公鸡,15,28
390001206,书怪,4,8
390001207,Rough Monkey,42,100
390001208,Mom&Baby Monkey,50,140
390001209,Baby White Monkey,20,33
390001210,Furious White Monkey,65,255
390001211,Ruby Giant,90,1800
390001212,Sapphire Giant,83,1100
390001213,Mighty Stone Giant,99,2800
390001214,Evil Spirit Giant,120,1500000
390001215,スノーマン,15,1500
390001216,立即停止,28,50
390001217,灭火小怪,38,80
390001218,垃圾桶,18,30
390001219,速度限制小怪,33,60
390001220,红泳圈怪,50,130
390001221,蓝泳圈怪,53,140
390001222,小飞怪,23,40
390001223,卡车,48,160
390001224,章鱼头怪,43,120
390001225,水手,58,200
390001226,下级士官,63,250
390001227,中级士官,60,220
390001228,锚准尉,68,275
390001229,乐坦斯船长,100,210000
390001230,狂暴树精,85,1450
390001231,甲虫黑怪,90,1900
390001232,变形蚯蚓,95,2500
390001233,混石树怪,110,4550
390001234,藤蔓妖车,105,3850
390001235,杜枯树精,115,5000
390001236,千年树精王,140,1
390001237,千年树精王,140,2000000
390001238,千年树精王,140,2000000
390001239,巴克尔,80,400
390001240,巴克尔,80,4230
390001241,煤气火攻击 ,10,33
390001242,残破的电导线,30,33
390001243,椰树怪,45,132
390001244,忧郁水灵,47,135
390001245,金色假发怪,52,172
390001246,偷轮胎犯,56,185
390001247,瘢痕狮,59,220
390001248,高帽绅士,59,210
390001249,影子猎犬,61,235
390001250,蛇笛师,65,255
390001251,小丑痕狮,68,270
390001252,乐霜小弟,72,300
390001253,幸运怪巴士,75,352
390001254,模型机痕狮,82,1250
390001255,海盗船水手,87,2000
390001256,高帽骑士,94,2500
390001257,嘻嘻泰戈,140,0
390001258,嘻嘻泰戈,80,268800
390001259,生气的嘻嘻泰戈,100,403200
390001260,愤怒的嘻嘻泰戈,140,1344000
390001261,高帽绅士,59,0
390001262,瘢痕狮王,140,0
390001263,瘢痕狮王,80,268800
390001264,生气的瘢痕狮王,100,403200
390001265,愤怒的瘢痕狮王,140,1344000
390001266,瘢痕狮,59,0
390001267,满月,1,0
390001268,满月,1,0
390001269,满月,1,0
390001270,满月,1,0
390001271,满月,1,0
390001272,满月,1,0
390001273,绿水灵,6,10
390001274,猪猪,7,15
390001275,花蘑菇,8,15
390001276,蓝水灵,15,26
390001277,三眼章鱼,12,24
390001278,绿蘑菇,15,26
390001279,刺蘑菇,22,35
390001280,打鼓兔子,30,60
390001281,鳄鱼,32,60
390001282,玩具白鼠,32,65
390001283,星光精灵,35,72
390001284,小幽灵,35,70
390001285,小企鹅王,35,75
390001286,玩具熊猫,36,77
390001287,吹泡泡鱼皇,38,85
390001288,红螃蟹,37,80
390001289,僵尸猴,40,90
390001290,直升机,36,77
390001291,空军雀,39,85
390001292,木马骑兵,39,92
390001293,青积木怪,45,110
390001294,大幽灵,48,120
390001295,首领葛雷,49,580
390001296,混种石头人,59,210
390001297,蘑菇王,60,1200
390001298,赤龙,60,220
390001299,冰龙,64,250
390001300,大恶灵附身的娃娃,67,265
390001301,黑雪人,68,265
390001302,月牙牛魔王,70,270
390001303,蓝色鬼怪,70,400
390001304,黑色飞狮,73,320
390001305,狼人,75,350
390001306,企鹅王与白雪人,78,0
390001307,白狼人,80,850
390001308,死灵,85,1300
390001309,大海贼王,98,2600
390001310,G.时之鬼爵,95,2800
390001311,火焰猎犬,90,1800
390001312,蝙蝠怪,80,2000
390001313,蝙蝠魔,100,3500
390001314,白雪人,65,455
390001315,企鹅王,60,420
390001316,可乐猪猪,35,72
390001317,可乐蜗牛,10,19
390001318,可乐海豹,38,87
390001319,顽皮的海豹 ,42,100
390001320,雪人和可乐tump,70,272
390001321,伊格卢乌龟,45,110
390001322,火焰石头人,50,136
390001323,旱冰石头人,60,221
390001324,可乐粘液,15,26
390001325,可乐蘑菇 ,20,32
390001326,可乐tump,25,43
390001327,可乐tump 利特,30,56
390001328,三尾狐,56,185
390001329,大幽灵,48,120
390001330,小幽灵,35,70
390001331,黄色鬼怪,70,400
390001332,蓝色鬼怪,70,400
390001333,绿色鬼怪,70,400
390001334,变种侏儒怪,80,850
390001335,哈维,80,850
390001336,血腥哈维,83,1100
390001337,暗黑半人马,88,1600
390001338,火焰半人马,88,1600
390001339,寒冰半人马,88,1600
390001340,黄金猪猪,10,20
390001341,绿水灵王,20,182
390001342,蝙蝠怪,30,263
390001343,远古精灵,45,543
390001344,蝙蝠魔,50,1267
390001345,阿丽莎乐,50,1590
390001346,天鹰,80,17200
390001347,火焰龙,80,17200
390001348,老海盗,60,2430
390001349,蓝蘑菇王,60,2260
390001350,大王蜈蚣,50,1780
390001351,小吃店,40,0
390001352,变形小吃店,40,532
390001353,帕普拉图斯的座钟,90,18200
390001354,帕普拉图斯,90,24647
390001355,守西瓜虎精,35,35
390001356,守西瓜虎精,35,35
390001357,紫色魔法书,15,20
390001358,橘色魔法书,15,20
390001359,蓝色魔法书,15,20
390001360,巫毒娃娃,20,25
390001361,邪术娃娃,20,25
390001362,恶小丑杰克的盒子,30,50
390001363,恶小丑杰克,1800,95
390001364,贪吃鬼,16,20
390001365,南瓜骑士,100,12
390001366,地狱木马,100,12
390001367,镜子幽灵,20,1
390001368,灯笼怪,10,16
390001369,幽灵,15,16
390001370,透明幽灵,10,0
390001371,恶小丑杰克的盒子,100,10
390001372,恶小丑杰克,100,12
390001373,动物园的蝙蝠怪,80,0
390001374,动物园的白雪人,65,10
390001375,动物园的白狼,58,10
390001376,动物园的猪猪,7,10
390001377,动物园的漂漂猪,10,10
390001378,巫毒娃娃,100,12
390001379,邪术娃娃,100,12
390001380,南瓜田地的灯笼怪,5,0
390001381,镜子幽灵2,20,1
390001382,镜子幽灵3,20,1
390001383,灯笼怪,10,0
390001384,红蜗牛王,20,120
390001385,树妖王,35,405
390001386,浮士德,50,410
390001387,巨居蟹,55,1210
390001388,提莫,59,650
390001389,多尔,65,810
390001390,九尾狐,70,1300
390001391,肯德熊,71,1580
390001392,妖怪绅士,77,2280
390001393,艾利杰,83,2800
390001394,驮狼雪人,90,5200
390001395,小雪人,10,20
390001396,生气的雪人,40,85
390001397,巨大的雪人,70,270
390001398,迷路的圣诞鹿,10,0
390001399,小雪人,10,0
390001400,小雪人,10,20
390001401,乳酪仓库之猫,70,0
390001402,乳酪仓库之猫,70,0
390001403,粘液国王,23,210
390001404,mush妈妈,45,550
390001405,小巴洛,30,300
390001406,赤红巴洛,35,360
390001407,精灵,40,475
390001408,艾莉沙,50,675
390001409,帕普拉图斯,55,850
390001410,皮亚努思,45,550
390001411,利维坦,50,675
390001412,海盗阁下,55,925
390001413,弗兰肯罗 ,50,675
390001414,小 P,70,0
390001415,红蜗牛王,20,120
390001416,树妖王,35,405
390001417,大宇,38,445
390001418,绿水灵王,40,800
390001419,浮士德,50,410
390001420,冰海螺蟹,55,1210
390001421,阿丽莎乐,56,4800
390001422,提莫,59,650
390001423,蘑菇王,60,1200
390001424,多尔,65,810
390001425,朱诺,65,940
390001426,九尾狐,70,1300
390001427,老海盗,60,7200
390001428,肯德熊,71,1580
390001429,远古精灵,65,17000
390001430,妖怪绅士,77,2280
390001431,蝙蝠怪,80,2000
390001432,法兰肯,81,12000
390001433,艾利杰,83,2800
390001434,吉米拉,85,3000
390001435,驮狼雪人,90,5200
390001436,蝙蝠魔,100,3500
390001437,火焰龙,105,13500
390001438,天鹰,105,13500
390001439,大海兽,120,47355
390001440,帕普拉图斯,125,596000
390001441,皮亚奴斯,110,1300000
390001442,迷你副本_透明怪物,10,0
390001443,迷你副本_工作人员箱子,10,0
390001444,巴纳德葛雷,15,95
390001445,吉塔葛雷,15,102
390001446,乌尔特拉葛雷,15,110
390001447,首领葛雷,15,580
390001448,梅卡特安,15,20
390001449,麻特安,15,99
390001450,波拉特安,15,105
390001451,机器MT-09,20,980
390001452,葫芦,1,0
390001453,封印,10,0
390001454,黑暗,10,0
390001455,虚弱,10,0
390001456,晕眩,10,0
390001457,诅咒,10,0
390001458,中毒,10,0
390001459,慢动作,10,0
390001460,魔法无效,10,0
390001461,诱惑,10,0
390001462,物理防御,10,0
390001463,魔法防御,10,0
390001464,属性无效,10,0
390001465,属性减半,10,0
390001466,属性激增,10,0
390001467,未死,10,0
390001468,BOSS,10,0
390001469,妖怪书测试,0,0
390001470,脑壳,10,0
390001471,黄金蛋,1,1000
390001472,斗鸡,20,33
390001473,大头鸭,22,37
390001474,绵羊,25,42
390001475,山羊,30,58
390001476,黑山羊,35,71
390001477,牛,33,66
390001478,犁杖牛,38,86
390001479,黑绵羊,37,79
390001480,大王蜈蚣,50,108
390001481,大王蜈蚣,50,1080
390001482,Unknown,20,33
390001483,黑熊,80,850
390001484,白老虎,90,1800
390001485,巨鹰,95,2300
390001486,男飞贼,95,2300
390001487,女飞贼,95,2300
390001488,香炉怪,100,3000
390001489,木鱼妖,105,3700
390001490,小金人,130,8000
390001491,小铜人,120,5000
390001492,巨化金人,130,8000
390001493,巨化银人,125,7500
390001494,铜人,120,5000
390001495,银人,125,7500
390001496,武林妖僧,150,24000000
390001497,武林妖僧分身,140,200000
390001498,Unknown,101,3050
390001499,Unknown,110,4450
390001500,Unknown,103,3150
390001501,Unknown,105,3700
390001502,Unknown,105,13500
390001503,Unknown,105,13500
390001504,Unknown,113,4750
390001505,Unknown,108,4300
390001506,Unknown,108,4100
390001507,Unknown,110,4500
390001508,字母怪A,30,53
390001509,字母怪B,30,53
390001510,字母怪C,30,53
390001511,字母怪D,30,53
390001512,字母怪E,30,53
390001513,字母怪F,30,53
390001514,字母怪G,30,53
390001515,字母怪H,30,53
390001516,字母怪I,30,53
390001517,字母怪J,30,53
390001518,字母怪K,30,53
390001519,字母怪L,30,53
390001520,字母怪M,30,53
390001521,字母怪N,30,53
390001522,字母怪O,30,53
390001523,字母怪P,30,53
390001524,字母怪Q,30,53
390001525,字母怪R,30,53
390001526,字母怪S,30,53
390001527,字母怪T,30,53
390001528,字母怪U,30,53
390001529,字母怪V,30,53
390001530,字母怪W,30,53
390001531,字母怪X,30,53
390001532,字母怪Y,30,53
390001533,字母怪Z,30,53
390001534,Unknown,50,10000
390001535,Unknown,50,5000
390001536,Unknown,50,10000
390001537,Unknown,50,10000
390001538,Unknown,50,1000
390001539,Unknown,50,1000
390001540,Unknown,50,1000
390001541,Unknown,50,10000
390001542,Unknown,50,1000
390001543,Unknown,50,1000
390001544,Unknown,50,1000
390001545,大金鱼,110,1300000
390001546,独眼蝙蝠,20,20
390001547,殭屍菇菇(pvp),24,200
390001548,野狼(pvp),25,200
390001549,小石球(pvp),23,200
390001550,?羊(pvp),25,200
390001551,黑木妖(pvp),10,200
390001552,幼?獨角獅(pvp),33,300
390001553,冰石球(pvp),30,300
390001554,火石球(pvp),30,300
390001555,猴子(pvp),37,300
390001556,星光精靈(pvp),35,300
390001557,黑山羊(pvp),35,300
390001558,小幽靈(pvp),35,300
390001559,小幽靈(pvp),35,450
390001560,小幽靈(pvp),39,450
390001561,小幽靈(pvp),37,450
390001562,小幽靈(pvp),37,450
390001563,小幽靈(pvp),38,450
390001564,小幽靈(pvp),40,450
390001565,小幽靈(pvp),41,450
390001566,小幽靈(pvp),45,680
390001567,小幽靈(pvp),46,680
390001568,小幽靈(pvp),46,680
390001569,小幽靈(pvp),47,680
390001570,小幽靈(pvp),48,680
390001571,小幽靈(pvp),53,680
390001572,小幽靈(pvp),55,680
390001573,小幽靈(pvp),42,680
390001574,小幽靈(pvp),54,1020
390001575,小幽靈(pvp),58,1020
390001576,小幽靈(pvp),57,1020
390001577,小幽靈(pvp),60,1020
390001578,小幽靈(pvp),60,1020
390001579,小幽靈(pvp),53,1020
390001580,小幽靈(pvp),50,1020
390001581,小幽靈(pvp),61,1020
390001582,小幽靈(pvp),65,1540
390001583,小幽靈(pvp),67,1540
390001584,小幽靈(pvp),67,1540
390001585,小幽靈(pvp),72,1540
390001586,小幽靈(pvp),64,1540
390001587,小幽靈(pvp),68,1540
390001588,小幽靈(pvp),70,1540
390001589,小幽靈(pvp),70,1540
390001590,小幽靈(pvp),74,2320
390001591,小幽靈(pvp),75,2320
390001592,小幽靈(pvp),74,2320
390001593,小幽靈(pvp),73,2320
390001594,小幽靈(pvp),69,2320
390001595,小幽靈(pvp),70,2320
390001596,小幽靈(pvp),70,2320
390001597,小幽靈(pvp),70,2320
390001598,小幽靈(pvp),70,2320
390001599,小幽靈(pvp),85,3800
390001600,小幽靈(pvp),73,3800
390001601,小幽靈(pvp),75,3800
390001602,小幽靈(pvp),76,3800
390001603,小幽靈(pvp),77,3800
390001604,小幽靈(pvp),80,3800
390001605,小幽靈(pvp),83,3800
390001606,小幽靈(pvp),85,3800
390001607,小幽靈(pvp),95,6200
390001608,小幽靈(pvp),93,6200
390001609,小幽靈(pvp),95,6200
390001610,小幽靈(pvp),94,6200
390001611,小幽靈(pvp),90,6200
390001612,小幽靈(pvp),88,6200
390001613,小幽靈(pvp),87,6200
390001614,小幽靈(pvp),89,6200
390001615,小幽靈(pvp),50,2000
390001616,小幽靈(pvp),110,9900
390001617,小幽靈(pvp),108,9900
390001618,小幽靈(pvp),108,9900
390001619,小幽靈(pvp),88,9900
390001620,小幽靈(pvp),98,9900
390001621,蝙蝠魔pvp,100,9900
390001622,G.时之鬼爵pvp,95,9900
390001623,致命乌贼怪pvp,97,9900
390001624,???pvp,1,3
390001625,花蘑菇pvp,8,20
390001626,木妖pvp,6,16
390001627,绿水灵pvp,6,15
390001628,小恶魔pvp,37,105
390001629,幼蓝独角狮pvp,33,92
390001630,运输机pvp,38,110
390001631,三尾狐pvp,56,250
390001632,日光精灵pvp,52,215
390001633,黑企鹅王pvp,64,265
390001634,黄金蛋,0,0
